scenario_id,label,score
0,0,2.7420707
0,1,5.256805
1,0,2.1254313
1,1,6.121575
2,0,2.7634192
2,1,5.4189916
3,0,2.2201107
3,1,5.035076
4,0,2.4881883
4,1,5.267978
5,0,2.3138204
5,1,5.701006
6,0,1.8641651
6,1,4.9391084
7,0,2.6631622
7,1,5.260628
8,0,2.1581483
8,1,5.349301
9,0,2.032255
9,1,5.0943627
10,0,1.9437999
10,1,3.6800153
11,0,2.2182841
11,1,2.8646116
12,0,1.8492888
12,1,3.4125137
13,0,2.5575852
13,1,4.2779613
14,0,2.784096
14,1,5.132317
15,0,1.7021159
15,1,4.4360223
16,0,2.2222724
16,1,4.2174106
17,0,2.3943474
17,1,4.3429265
18,0,1.8812029
18,1,3.527081
19,0,2.8588357
19,1,4.6551538
20,0,1.6165044
20,1,3.8541307
21,0,1.0350151
21,1,2.1847205
22,0,2.3115373
22,1,3.364212
23,0,0.81750846
23,1,1.5735817
24,0,1.9233716
24,1,2.2789395
25,0,1.6871068
25,1,2.0500078
26,0,1.4306682
26,1,3.302695
