fact_id,split,template,label,score
94,train,seen,0,-4.308348
94,train,seen,1,2.9156032
142,train,seen,0,-2.4105985
142,train,seen,1,2.4634886
215,train,seen,0,-3.0864077
215,train,seen,1,3.4925787
161,train,seen,0,-3.3439825
161,train,seen,1,3.7005892
230,train,seen,0,-3.7297232
230,train,seen,1,4.781547
80,train,seen,0,-3.5583706
80,train,seen,1,3.4075267
155,train,seen,0,-3.6635542
155,train,seen,1,2.8639717
229,train,seen,0,-3.778763
229,train,seen,1,3.875861
146,train,seen,0,-3.496513
146,train,seen,1,3.6898005
226,train,seen,0,-2.560446
226,train,seen,1,2.9987226
233,train,seen,0,-2.7071502
233,train,seen,1,3.1939225
201,train,seen,0,-3.8115292
201,train,seen,1,4.2171464
42,train,seen,0,-1.9698839
42,train,seen,1,2.0333571
153,train,seen,0,-3.3495388
153,train,seen,1,4.245209
237,train,seen,0,-3.695619
237,train,seen,1,5.5790324
60,train,seen,0,-2.764212
60,train,seen,1,3.1726468
156,train,seen,0,-4.7682214
156,train,seen,1,4.584885
63,train,seen,0,-2.363628
63,train,seen,1,2.4115882
208,train,seen,0,-5.113944
208,train,seen,1,4.4560833
52,train,seen,0,-4.5322027
52,train,seen,1,3.9500864
120,train,seen,0,-4.7954025
120,train,seen,1,4.4176164
21,train,seen,0,-3.3777747
21,train,seen,1,2.7605958
192,train,seen,0,-1.7550917
192,train,seen,1,1.8606004
117,train,seen,0,-2.1055212
117,train,seen,1,2.0737414
39,train,seen,0,-4.370972
39,train,seen,1,3.497759
108,train,seen,0,-3.951685
108,train,seen,1,3.7333996
182,train,seen,0,-2.6741965
182,train,seen,1,2.811256
124,train,seen,0,-5.525145
124,train,seen,1,4.8858466
240,train,seen,0,-3.8508673
240,train,seen,1,4.514508
137,train,seen,0,-3.4806075
137,train,seen,1,3.4881196
126,train,seen,0,-4.213145
126,train,seen,1,4.566369
23,train,seen,0,-3.3937495
23,train,seen,1,3.0427399
83,train,seen,0,-3.997439
83,train,seen,1,3.5860538
170,train,seen,0,-3.4026878
170,train,seen,1,2.9797444
187,train,seen,0,-1.8740656
187,train,seen,1,1.7755535
256,train,seen,0,-4.9636416
256,train,seen,1,3.8919687
133,val,seen,0,-3.4606037
133,val,seen,1,4.02004
77,val,seen,0,-2.0736105
77,val,seen,1,4.042578
190,val,seen,0,-2.9330058
190,val,seen,1,2.1592362
98,val,seen,0,-1.7335798
98,val,seen,1,2.110167
62,val,seen,0,-2.8997898
62,val,seen,1,2.5479636
246,val,seen,0,-4.3881793
246,val,seen,1,2.101852
251,val,seen,0,-1.0846987
251,val,seen,1,1.5376813
32,val,seen,0,-3.9492955
32,val,seen,1,3.7748904
279,val,seen,0,-5.3024297
279,val,seen,1,2.8135028
45,val,seen,0,-3.5257206
45,val,seen,1,4.2077174
283,val,seen,0,-3.68894
283,val,seen,1,4.3068714
245,val,seen,0,-3.641827
245,val,seen,1,5.664778
243,test,seen,0,-2.4598618
243,test,seen,1,2.3487067
243,test,heldout,0,-0.50510895
243,test,heldout,1,0.6805736
20,test,seen,0,-3.1709404
20,test,seen,1,2.586092
20,test,heldout,0,0.27074537
20,test,heldout,1,0.6830702
118,test,seen,0,-3.201843
118,test,seen,1,3.7072992
118,test,heldout,0,0.57016736
118,test,heldout,1,1.2200756
143,test,seen,0,-4.3118787
143,test,seen,1,2.5475173
143,test,heldout,0,0.7502627
143,test,heldout,1,1.1181982
58,test,seen,0,-3.5803187
58,test,seen,1,2.4549155
58,test,heldout,0,0.5503739
58,test,heldout,1,0.3391244
111,test,seen,0,-3.1416597
111,test,seen,1,3.163847
111,test,heldout,0,1.0070302
111,test,heldout,1,1.1352988
27,test,seen,0,-4.1437306
27,test,seen,1,2.6889832
27,test,heldout,0,0.43884578
27,test,heldout,1,0.79666466
84,test,seen,0,-2.290728
84,test,seen,1,6.8274965
84,test,heldout,0,1.9610722
84,test,heldout,1,2.174986
128,test,seen,0,-3.6898198
128,test,seen,1,2.4828005
128,test,heldout,0,-0.27658257
128,test,heldout,1,1.6245123
104,test,seen,0,-4.651062
104,test,seen,1,3.428072
104,test,heldout,0,1.3675086
104,test,heldout,1,1.377325
151,test,seen,0,-3.586681
151,test,seen,1,2.3026948
151,test,heldout,0,0.9912627
151,test,heldout,1,2.6123807
186,test,seen,0,-4.2982383
186,test,seen,1,4.6697683
186,test,heldout,0,1.2263727
186,test,heldout,1,1.1496985
